Nitrogen,Phosphorus,Potassium,Temperature,Rainfall,Crop,Yield_kg_per_acre
43,16,46,28.0,116.8,Wheat,1697.9
42,15,13,16.0,190.7,Sugarcane,2521.7
41,32,11,19.0,146.0,Wheat,3271.4
32,56,37,22.6,95.4,Sugarcane,4308.7
34,24,42,16.2,78.2,Maize,1643.0
45,44,54,20.7,253.6,Sugarcane,2861.0
94,18,50,18.7,125.7,Sugarcane,3958.6
20,12,40,32.5,141.5,Rice,2138.1
43,41,15,26.5,135.2,Sugarcane,2673.2
120,53,13,34.0,75.7,Wheat,1085.1
50,60,56,22.3,205.4,Maize,3283.7
67,32,58,27.4,287.9,Maize,1985.5
84,29,21,21.9,65.3,Maize,1366.1
53,21,32,34.6,237.7,Sugarcane,3957.1
102,59,59,18.9,105.5,Wheat,1165.0
50,35,60,16.4,191.3,Rice,2364.9
52,60,49,22.5,117.6,Wheat,2715.4
36,24,19,24.3,182.5,Sugarcane,3668.1
29,16,52,17.0,203.1,Rice,2949.0
68,13,43,26.2,196.2,Wheat,2066.7
75,25,31,23.5,86.1,Rice,1503.1
33,18,12,24.9,66.0,Rice,1312.7
59,32,56,32.7,118.5,Maize,1124.7
80,27,12,20.1,54.6,Maize,2316.4
116,38,30,30.6,261.6,Sugarcane,3642.9
65,15,42,22.5,83.8,Wheat,3967.8
81,16,51,26.0,273.1,Wheat,2921.3
119,36,14,18.8,107.7,Rice,1650.5
79,46,47,32.8,142.9,Rice,4385.9
42,37,20,26.9,296.5,Maize,2176.4
85,50,25,27.8,123.7,Rice,3902.8
54,26,51,17.2,107.6,Sugarcane,4418.2
106,51,22,15.6,198.8,Sugarcane,2264.9
63,13,53,33.6,146.7,Maize,1966.5
48,17,50,25.0,247.9,Maize,1852.0
55,29,35,22.5,279.7,Maize,2361.9
68,59,15,22.1,284.1,Wheat,3863.5
20,49,30,17.7,56.1,Wheat,1426.1
69,30,12,24.5,138.7,Rice,1030.7
103,18,19,30.3,87.4,Rice,2220.3
104,25,23,26.6,120.1,Rice,2648.8
117,52,41,20.6,106.1,Maize,2196.6
68,26,30,34.4,291.9,Wheat,3239.0
35,30,13,16.8,160.7,Sugarcane,3777.3
94,59,31,22.7,207.2,Wheat,1038.6
56,46,30,25.6,219.6,Maize,1267.0
43,20,60,19.0,141.4,Sugarcane,1366.9
94,24,41,18.6,243.9,Wheat,1058.5
93,12,31,22.7,292.7,Maize,2262.1
58,57,26,23.7,112.8,Maize,3710.0
116,40,44,34.5,226.2,Wheat,1971.7
50,58,47,18.1,215.2,Wheat,2058.5
78,32,52,22.3,283.5,Maize,2519.8
54,31,21,27.5,151.6,Wheat,1146.2
108,58,29,26.8,60.5,Wheat,2547.0
42,41,11,19.2,118.1,Wheat,3593.2
100,35,23,20.2,224.8,Sugarcane,3288.1
95,31,17,19.3,121.6,Wheat,1459.7
39,48,36,17.6,212.8,Maize,2225.4
57,16,18,18.6,196.5,Rice,4001.6
104,46,20,19.4,138.0,Rice,1015.0
44,39,48,15.8,288.1,Rice,1399.8
74,56,58,24.4,71.5,Sugarcane,1430.1
104,13,31,32.2,264.3,Sugarcane,2175.6
118,33,25,23.4,154.2,Sugarcane,1213.1
59,32,29,33.0,149.2,Wheat,1026.4
71,60,25,31.0,95.3,Maize,3065.6
83,30,44,28.3,163.9,Sugarcane,4406.2
40,53,40,17.0,58.3,Sugarcane,2740.4
54,24,33,24.1,115.0,Maize,4079.0
116,24,58,29.5,105.6,Rice,2059.3
102,50,42,18.3,195.0,Wheat,4440.4
72,27,57,20.8,58.1,Maize,2022.8
68,17,11,32.4,292.0,Rice,1353.8
81,58,38,18.3,159.7,Rice,1409.8
32,32,27,23.4,166.3,Wheat,4366.4
108,41,39,24.6,215.5,Maize,3838.4
96,32,10,31.6,52.6,Maize,3544.2
106,29,60,27.8,283.5,Sugarcane,4147.6
28,59,44,19.3,143.6,Rice,2509.5
95,39,11,32.5,194.8,Maize,3602.0
40,12,27,28.1,204.7,Rice,3984.3
104,12,44,16.7,211.9,Sugarcane,2759.1
72,34,38,29.5,93.0,Sugarcane,2694.3
74,20,25,24.4,58.4,Maize,2194.6
79,41,21,22.4,292.5,Maize,2059.7
34,11,35,17.6,187.1,Wheat,3709.0
60,40,38,28.4,89.5,Wheat,1351.4
78,12,11,27.9,178.3,Maize,3503.5
71,48,36,21.1,225.6,Rice,3408.0
105,60,19,27.0,217.7,Maize,1287.4
24,38,29,28.2,127.8,Wheat,2152.5
118,60,46,27.4,191.3,Rice,1747.4
38,20,50,34.6,199.2,Wheat,2592.0
50,43,53,33.3,118.1,Rice,3594.1
114,23,50,26.6,179.9,Sugarcane,1958.2
49,24,39,28.2,226.4,Rice,1366.2
90,34,55,29.6,171.0,Maize,4120.9
81,39,16,28.9,79.8,Maize,2453.3
63,15,17,20.6,187.8,Wheat,3819.9
59,10,12,20.9,163.3,Rice,1413.9
69,47,55,22.1,127.2,Wheat,2472.6
40,15,43,15.5,160.7,Sugarcane,3990.2
67,22,40,28.6,168.2,Maize,2326.9
21,39,11,16.8,77.1,Rice,2290.7
116,11,14,21.8,208.0,Sugarcane,2492.4
64,21,25,30.7,78.5,Wheat,2008.2
47,31,46,26.7,244.3,Maize,2625.6
71,57,48,16.4,123.8,Rice,4196.6
106,24,23,16.7,262.9,Wheat,3095.7
115,13,52,23.0,59.8,Sugarcane,3717.1
21,51,37,20.2,67.0,Wheat,3278.7
38,53,36,26.1,188.7,Maize,4259.2
99,28,59,23.5,60.5,Rice,4359.1
52,43,16,16.5,81.6,Sugarcane,1573.0
87,22,49,24.4,193.9,Wheat,3703.9
22,12,39,33.1,259.3,Sugarcane,3225.0
39,15,57,23.3,158.5,Sugarcane,1108.9
38,55,32,32.7,235.8,Wheat,3278.8
106,58,15,19.0,208.6,Rice,3442.6
108,60,55,31.1,294.7,Sugarcane,2814.0
67,59,40,32.5,260.0,Sugarcane,1843.8
52,31,42,31.1,258.6,Maize,3689.9
104,59,57,23.2,150.3,Wheat,1748.6
49,23,24,28.8,255.3,Rice,2641.5
108,53,56,15.9,77.3,Sugarcane,3831.7
113,37,11,33.7,168.3,Rice,3933.6
97,11,50,17.6,286.4,Rice,3770.0
107,11,42,21.8,227.3,Wheat,2392.6
80,36,18,33.9,76.9,Maize,3998.7
58,35,14,30.5,260.6,Wheat,3106.6
34,13,43,19.3,232.1,Wheat,2085.6
74,16,40,24.5,192.0,Wheat,4306.5
54,38,33,21.7,265.5,Wheat,1765.1
43,17,47,28.8,268.3,Maize,3296.2
26,36,26,21.0,276.4,Rice,2134.7
120,22,31,34.5,267.2,Maize,4260.7
74,41,38,20.2,59.4,Sugarcane,1925.3
81,13,43,33.7,288.3,Rice,4335.3
68,53,12,35.0,81.5,Rice,1320.7
97,36,24,28.7,212.4,Rice,3364.3
61,40,54,23.2,61.9,Wheat,1933.8
29,55,42,27.3,234.9,Maize,2678.2
35,15,19,17.4,178.1,Wheat,3783.8
29,59,52,34.0,105.4,Rice,1549.1
101,58,39,26.9,297.4,Rice,1890.6
103,55,27,24.4,208.2,Sugarcane,1438.3
67,53,44,31.2,269.5,Sugarcane,2359.5
87,23,20,30.2,100.0,Sugarcane,3426.9
47,28,43,34.6,84.6,Wheat,3497.1
94,30,40,21.2,281.1,Wheat,4042.0
106,43,49,18.5,242.2,Rice,4248.1
91,15,18,21.5,209.0,Rice,4497.9
104,12,52,30.4,156.1,Maize,2390.5
76,47,16,19.5,234.9,Wheat,2373.1
34,56,29,35.0,165.4,Maize,2564.8
88,49,30,20.2,245.6,Wheat,3221.7
100,52,55,31.5,147.2,Rice,2608.5
56,12,28,33.1,59.7,Rice,2593.0
73,19,26,21.5,146.8,Rice,3997.0
102,31,54,15.9,292.4,Wheat,1014.6
114,22,40,20.7,257.8,Maize,4246.7
92,24,29,25.8,77.7,Sugarcane,4358.2
103,29,40,29.4,74.0,Sugarcane,3353.0
51,23,37,21.8,101.4,Maize,2020.6
118,46,20,31.3,242.2,Maize,1968.6
110,39,56,32.2,166.0,Sugarcane,2122.5
82,44,40,34.2,165.8,Wheat,3697.0
72,34,53,22.1,90.5,Wheat,3311.3
104,17,26,20.8,139.8,Maize,1563.6
92,32,24,21.3,86.3,Rice,2606.0
73,27,52,19.1,240.5,Maize,2226.8
118,52,40,22.2,172.8,Wheat,3172.6
44,16,19,22.4,223.2,Sugarcane,3601.6
79,42,34,23.6,250.3,Sugarcane,1157.1
45,46,40,22.6,251.9,Wheat,2767.0
110,23,49,33.8,87.6,Maize,2321.1
67,19,19,18.1,210.0,Rice,4153.2
87,43,45,20.3,148.2,Wheat,4353.7
61,59,60,28.7,291.9,Maize,2236.0
56,47,42,33.3,213.6,Wheat,2634.5
117,32,22,24.2,228.9,Maize,1351.3
43,22,36,29.0,278.1,Sugarcane,4234.2
115,36,11,27.1,177.3,Maize,1471.1
22,11,17,17.2,56.3,Wheat,2897.2
98,32,18,35.0,266.5,Wheat,1520.7
40,41,51,29.6,280.7,Rice,3214.4
63,39,29,21.9,159.4,Rice,2920.4
66,20,30,17.8,190.8,Wheat,2841.8
82,12,38,20.7,159.1,Maize,4477.4
56,24,35,28.2,274.0,Rice,1754.3
40,43,24,17.0,199.7,Sugarcane,2106.2
47,12,57,19.8,237.3,Sugarcane,2837.9
32,47,13,23.3,117.2,Rice,1847.4
79,21,19,24.3,259.4,Maize,4483.0
85,40,10,28.8,110.0,Sugarcane,1608.4
106,53,53,22.9,279.7,Rice,3644.5
34,48,31,29.6,122.0,Maize,3379.4
93,52,24,30.2,56.9,Rice,1075.8
57,49,42,30.6,230.9,Wheat,4450.0
77,27,40,30.0,66.6,Rice,2171.2
116,28,55,34.9,68.8,Wheat,4235.3
26,30,58,33.6,126.9,Wheat,2187.6
21,31,18,27.0,189.7,Maize,2042.4
89,34,33,30.7,265.0,Wheat,2441.4
38,36,22,31.9,171.6,Rice,1743.4
103,22,31,28.0,240.6,Rice,1918.9
57,41,19,29.7,202.8,Rice,2209.2
100,35,19,20.6,141.1,Sugarcane,3354.7
68,33,30,16.9,57.3,Sugarcane,3668.8
67,18,12,32.9,71.9,Rice,4429.5
79,58,34,25.4,158.9,Maize,1762.9
69,19,38,23.3,285.7,Maize,1432.1
38,40,56,34.8,233.3,Sugarcane,4474.4
92,31,46,19.6,101.5,Sugarcane,1053.5
24,19,58,30.1,77.1,Rice,3234.2
98,56,43,17.4,268.7,Sugarcane,3073.5
84,41,11,22.3,244.1,Rice,1664.1
21,37,11,27.3,276.8,Sugarcane,1742.3
78,30,45,27.2,159.0,Rice,4120.0
108,28,13,20.0,53.8,Rice,3761.1
112,34,10,32.3,93.3,Sugarcane,1069.4
32,31,55,20.8,278.7,Rice,3854.3
26,47,48,29.1,284.6,Maize,3717.8
107,51,18,33.5,193.2,Wheat,4421.4
71,23,27,31.1,230.5,Wheat,3688.1
74,16,12,27.2,250.4,Sugarcane,1590.6
64,29,48,29.6,153.6,Maize,2524.0
89,59,30,28.9,191.3,Sugarcane,3598.5
26,33,10,31.6,96.2,Sugarcane,1405.2
113,40,24,24.5,282.0,Maize,3529.2
53,36,57,33.7,291.8,Sugarcane,3429.6
30,26,29,20.2,237.4,Maize,1790.9
39,56,21,24.8,53.0,Maize,3555.1
49,58,52,18.9,110.9,Sugarcane,2554.2
118,38,48,15.6,280.9,Rice,3483.6
115,16,32,31.8,222.6,Rice,3755.8
118,32,31,30.3,226.9,Sugarcane,1710.1
79,15,26,34.7,278.2,Maize,3622.9
56,24,53,15.2,98.7,Rice,1772.8
112,31,14,15.0,273.3,Rice,1412.2
110,21,17,16.3,243.4,Maize,4119.3
49,33,42,24.5,276.1,Sugarcane,2137.3
27,21,43,32.8,267.6,Maize,2181.8
72,27,34,15.5,144.7,Maize,3633.7
61,39,15,26.1,134.3,Sugarcane,1308.5
74,36,11,17.4,206.8,Rice,4130.1
39,47,18,20.7,225.6,Sugarcane,1394.8
115,58,54,32.8,137.1,Wheat,1652.5
50,21,21,26.7,161.1,Wheat,3682.8
76,31,45,25.1,199.9,Rice,3932.0
118,10,35,26.8,218.4,Maize,1571.2
27,49,12,25.2,129.3,Sugarcane,1666.1
23,20,24,28.8,211.4,Rice,2049.7
83,13,45,24.9,169.7,Sugarcane,2237.2
35,36,44,22.7,99.0,Wheat,2909.2
88,13,32,31.7,134.5,Sugarcane,1294.1
26,18,38,33.3,273.0,Sugarcane,3460.2
68,11,54,18.4,263.9,Rice,1482.8
27,16,51,27.6,247.4,Wheat,3953.0
72,18,18,20.9,189.1,Maize,4206.3
66,30,22,18.4,190.5,Wheat,4088.9
84,52,22,16.1,178.0,Sugarcane,4080.9
90,11,44,25.9,219.7,Sugarcane,2047.5
114,53,20,29.9,81.0,Sugarcane,2087.5
108,22,12,30.7,294.0,Wheat,3293.1
68,12,58,27.5,215.9,Maize,1294.8
87,55,59,21.2,64.9,Wheat,1159.5
114,28,41,27.3,73.4,Sugarcane,2788.6
45,28,24,15.8,91.0,Sugarcane,3815.2
94,28,50,31.3,210.4,Maize,2182.8
62,31,23,34.1,225.3,Sugarcane,4173.5
28,48,60,20.7,292.1,Sugarcane,3029.4
22,49,30,15.5,63.6,Wheat,3795.7
81,35,41,24.9,131.0,Sugarcane,4051.5
36,55,45,31.9,289.3,Wheat,3020.3
88,38,21,27.8,269.6,Maize,2550.8
58,59,43,23.1,151.5,Maize,3472.1
34,53,52,21.5,151.5,Sugarcane,4033.5
88,26,19,29.0,56.0,Sugarcane,2002.2
79,56,42,27.9,81.0,Maize,2136.1
74,12,27,15.4,133.5,Rice,4097.6
32,28,35,29.2,146.7,Sugarcane,3003.5
54,17,14,33.9,130.5,Sugarcane,3563.0
83,60,59,34.9,214.4,Maize,3442.9
35,50,17,15.2,235.5,Sugarcane,4059.7
66,14,46,18.0,66.1,Rice,3265.8
79,50,24,16.9,66.2,Rice,3264.6
77,51,32,25.5,100.7,Rice,4498.1
29,48,37,34.7,204.6,Wheat,3276.0
94,49,49,15.2,57.8,Rice,3865.1
60,34,15,21.3,57.2,Maize,4339.8
85,58,26,23.4,182.5,Wheat,4074.2
96,34,56,21.4,55.1,Wheat,1148.7
77,19,57,24.9,230.3,Rice,2443.3
112,12,40,25.3,170.4,Maize,2664.9
27,54,15,15.2,130.2,Rice,3923.2
66,20,55,20.6,91.5,Sugarcane,1338.1
79,47,14,21.0,223.7,Rice,4436.0
113,25,55,32.2,236.9,Sugarcane,3701.2
54,25,46,31.2,287.2,Rice,4075.6
41,47,29,31.3,154.3,Wheat,4230.3
64,40,17,29.6,236.8,Rice,1709.1
102,31,37,17.5,121.7,Maize,3802.8
71,42,22,27.4,85.9,Sugarcane,2966.3
72,12,24,20.0,169.4,Sugarcane,2630.7
42,10,25,25.1,232.4,Maize,1604.7
86,52,56,29.1,268.8,Maize,2607.0
113,55,22,31.5,251.5,Rice,3825.1
66,21,51,31.4,169.4,Maize,3331.2
100,48,21,19.1,118.0,Maize,3829.5
91,17,57,18.2,245.6,Sugarcane,3335.0
99,33,18,32.0,157.5,Rice,2378.1
66,52,50,21.8,269.1,Wheat,2441.4
103,17,19,29.2,218.4,Wheat,2802.2
72,23,31,28.9,296.4,Sugarcane,2555.5
89,50,29,16.6,194.1,Maize,3252.3
98,13,52,24.7,293.3,Wheat,1028.2
37,32,21,16.1,194.9,Rice,3216.7
119,10,47,31.8,292.5,Sugarcane,2570.8
102,17,37,22.6,96.8,Sugarcane,4152.7
79,60,53,31.3,240.8,Wheat,3968.2
69,49,49,16.0,119.9,Maize,3037.7
78,15,54,33.7,261.2,Rice,4293.4
107,28,39,17.7,148.4,Maize,3105.8
54,47,14,28.9,160.3,Sugarcane,4473.6
111,24,14,25.7,169.9,Sugarcane,4177.9
80,14,39,27.9,154.5,Wheat,2164.0
115,24,25,25.1,114.9,Rice,3830.5
68,35,40,33.3,167.8,Maize,3994.7
87,18,35,25.6,142.9,Sugarcane,1980.1
38,35,49,32.6,206.3,Sugarcane,1131.5
31,58,33,24.8,297.7,Wheat,3246.0
67,55,12,25.7,121.0,Rice,2244.2
32,39,41,33.1,268.9,Maize,2794.5
43,56,47,21.0,268.8,Sugarcane,3389.1
51,30,20,28.8,218.8,Maize,1936.4
65,19,25,30.0,216.3,Wheat,2716.1
107,30,43,27.6,168.6,Sugarcane,1066.3
36,18,30,30.5,254.1,Maize,3517.6
97,30,22,29.0,186.9,Sugarcane,4079.0
24,21,55,18.8,218.3,Sugarcane,3391.0
68,35,37,26.5,297.8,Rice,1432.1
34,35,51,25.5,265.5,Rice,4128.1
82,59,47,32.1,267.5,Sugarcane,2698.4
119,19,33,33.1,229.4,Wheat,1778.2
33,41,25,26.8,220.7,Maize,1898.3
57,21,43,18.1,97.5,Rice,2543.0
97,33,23,20.3,294.4,Sugarcane,1677.5
113,33,46,18.1,239.3,Maize,1680.5
89,52,42,26.2,105.9,Rice,2496.7
78,26,36,33.2,107.1,Wheat,2660.5
113,57,46,26.5,235.7,Wheat,2346.6
105,47,58,20.6,122.7,Wheat,3039.1
52,59,26,18.5,245.8,Sugarcane,1259.7
54,35,25,31.5,92.3,Rice,4089.2
105,23,56,33.4,252.3,Rice,3069.7
109,13,56,29.3,175.1,Rice,2622.0
85,21,17,20.1,104.4,Maize,2555.2
41,54,59,16.5,171.6,Rice,4038.1
31,37,23,27.2,186.5,Sugarcane,3309.2
72,25,54,27.3,270.0,Maize,3748.7
76,58,56,22.7,130.0,Rice,3868.1
100,59,16,22.2,62.7,Wheat,2413.3
110,48,19,16.4,161.3,Wheat,3168.9
89,16,15,29.9,85.9,Maize,2271.5
82,24,44,18.9,256.8,Sugarcane,3870.2
83,24,58,17.3,274.0,Wheat,2604.2
47,11,15,25.0,202.0,Sugarcane,3081.9
102,32,49,27.0,247.3,Maize,3204.3
108,44,14,33.5,276.9,Maize,1588.7
89,56,28,29.2,59.7,Wheat,1229.4
42,20,14,30.1,77.3,Wheat,3509.7
103,59,24,19.2,283.4,Wheat,2892.1
61,56,59,30.6,159.2,Rice,4463.4
67,20,50,28.8,113.7,Rice,4300.0
37,45,46,28.9,229.9,Sugarcane,2905.7
53,53,14,27.7,220.8,Maize,3789.0
92,51,30,16.4,137.5,Sugarcane,1474.8
119,41,24,33.2,234.8,Maize,2039.9
77,46,25,24.0,155.6,Rice,2393.6
53,19,51,32.8,53.5,Maize,1883.1
66,44,38,17.0,105.3,Sugarcane,3446.2
60,12,56,22.9,282.2,Rice,2004.7
57,18,14,29.4,118.6,Wheat,2359.9
76,34,53,31.9,298.9,Sugarcane,2319.7
40,35,49,21.1,254.3,Wheat,1522.6
67,56,54,22.6,196.6,Sugarcane,3384.2
112,36,19,27.1,51.3,Rice,3204.0
25,48,23,27.5,232.4,Maize,1183.8
79,24,16,24.0,144.8,Maize,4005.9
78,38,15,16.2,114.1,Sugarcane,3101.7
114,48,18,32.8,281.5,Wheat,2120.6
90,32,25,16.6,161.6,Wheat,3847.7
31,36,59,19.2,56.9,Maize,3661.4
21,11,55,20.4,281.4,Sugarcane,2808.4
26,59,51,26.5,183.2,Sugarcane,2320.3
79,20,59,27.8,186.0,Wheat,1214.7
119,20,20,24.3,209.8,Sugarcane,2661.1
30,57,29,23.0,247.7,Maize,3101.7
21,44,21,31.9,81.0,Maize,3690.2
81,22,45,19.6,272.8,Wheat,4399.5
54,40,35,33.7,164.7,Rice,2401.3
80,28,49,24.5,111.9,Maize,3206.4
75,42,52,34.2,283.0,Sugarcane,2792.5
94,33,43,27.7,148.8,Wheat,3684.1
38,33,24,15.7,269.6,Wheat,3921.6
38,29,14,22.9,254.3,Maize,2787.8
45,56,27,29.9,90.8,Maize,2567.7
24,36,27,17.1,95.1,Wheat,3975.5
74,22,43,18.4,225.5,Wheat,1827.1
58,45,17,19.4,210.5,Sugarcane,2926.9
88,37,55,18.1,82.1,Wheat,2351.3
118,23,13,23.8,164.5,Sugarcane,3234.3
79,56,14,24.3,286.0,Rice,2483.9
83,56,27,24.3,223.3,Maize,3670.2
47,44,24,26.0,164.6,Maize,1372.6
115,43,19,23.5,128.7,Sugarcane,1989.4
91,47,35,30.5,265.2,Rice,4253.3
88,39,60,19.6,89.5,Sugarcane,3752.3
57,29,35,17.7,283.7,Wheat,4327.0
115,23,10,18.9,289.8,Wheat,1328.9
88,26,10,32.6,129.2,Sugarcane,4218.7
101,58,21,22.3,148.4,Sugarcane,2920.0
58,30,33,33.5,65.8,Sugarcane,2826.5
96,25,42,29.1,278.9,Sugarcane,1150.7
48,33,38,26.1,132.3,Maize,1958.5
98,20,53,28.7,157.3,Maize,1044.4
64,34,45,16.2,136.6,Sugarcane,2710.2
95,39,33,27.9,283.6,Sugarcane,2799.8
112,59,21,24.5,69.3,Rice,1821.2
30,11,27,26.2,234.8,Wheat,2966.1
34,23,47,22.0,298.7,Sugarcane,2692.0
21,54,57,31.1,71.6,Maize,3339.7
93,39,41,31.8,98.8,Maize,2795.1
95,37,32,31.0,189.3,Rice,3942.5
94,46,39,21.1,200.5,Sugarcane,3506.5
26,36,10,28.3,109.9,Sugarcane,4483.6
116,19,59,29.3,194.3,Wheat,3674.5
71,34,36,31.8,177.8,Maize,1334.7
83,43,37,33.5,190.2,Maize,2243.9
35,54,24,32.4,172.7,Wheat,1734.3
28,16,28,20.6,69.4,Wheat,3494.9
66,46,47,31.6,145.8,Rice,3687.0
109,51,56,27.0,189.2,Sugarcane,2523.7
92,18,15,31.1,81.5,Sugarcane,3797.0
109,46,12,22.2,270.8,Rice,4207.9
28,39,23,32.0,84.5,Maize,3561.2
74,60,42,26.1,159.6,Maize,2631.8
95,16,51,18.3,176.9,Maize,2273.8
65,20,39,31.9,50.9,Wheat,1909.4
105,49,27,21.1,106.6,Sugarcane,1991.2
29,12,10,24.3,111.7,Rice,3809.3
105,28,17,33.5,140.7,Rice,1352.9
86,41,25,17.1,207.7,Wheat,3299.1
89,31,29,16.5,161.7,Maize,2546.8
86,18,46,30.3,277.1,Sugarcane,1264.0
37,21,57,22.5,262.2,Maize,3792.6
98,17,38,32.5,279.5,Wheat,3129.9
35,58,20,21.8,177.6,Wheat,2136.6
65,10,41,21.6,111.6,Wheat,3336.6
85,14,40,17.4,50.2,Rice,3536.3
72,16,38,34.9,264.1,Maize,3173.1
51,11,52,23.8,60.0,Maize,3280.0
113,26,35,26.9,227.4,Sugarcane,4002.9
118,59,10,22.7,177.9,Sugarcane,2495.9
108,40,13,29.4,155.9,Maize,2030.5
55,10,14,22.6,94.4,Wheat,2404.3
70,13,13,34.4,178.8,Rice,3723.8
52,54,12,26.0,238.8,Sugarcane,4115.8
85,60,51,19.5,247.7,Wheat,1589.7
50,12,43,30.2,265.7,Maize,1178.5
33,10,12,34.1,190.4,Maize,1317.2
35,32,10,22.2,70.8,Maize,1157.4
85,49,57,33.6,291.4,Wheat,3266.4
81,23,11,23.6,127.6,Sugarcane,2768.1
47,22,45,18.5,65.7,Sugarcane,2393.7
71,14,16,34.3,253.0,Maize,1775.5
31,28,42,16.7,242.9,Maize,3327.3
82,46,51,28.8,137.0,Maize,1777.1
66,51,55,31.8,131.2,Sugarcane,2958.4
105,25,13,22.6,188.2,Rice,3908.1
64,28,16,29.5,175.4,Sugarcane,4204.0
80,44,12,21.8,117.6,Wheat,3519.1
108,59,50,34.4,274.7,Maize,3756.7
44,41,19,22.8,50.2,Rice,2591.0
73,18,35,21.5,261.6,Sugarcane,4448.1
46,50,58,26.5,108.9,Rice,1408.0
29,46,39,22.8,221.9,Maize,3453.1
68,39,18,27.0,104.1,Maize,1922.8
49,14,38,27.9,69.8,Wheat,1001.4
104,19,24,23.9,250.4,Maize,4270.5
86,35,22,28.9,213.0,Sugarcane,3202.3
69,58,32,16.5,247.4,Maize,3270.4
93,55,44,16.5,214.9,Wheat,4039.6
112,22,54,33.5,186.0,Rice,2059.9
102,25,31,21.0,158.9,Maize,3533.3
111,42,24,18.8,93.9,Wheat,1094.0
47,53,56,33.8,147.4,Rice,1563.1
41,51,30,16.7,133.9,Wheat,3149.8
54,49,50,34.4,261.4,Maize,1952.2
78,19,40,26.2,163.3,Sugarcane,1775.0
58,59,28,28.8,244.6,Rice,1801.1
30,56,20,26.6,221.2,Sugarcane,3720.2
33,54,26,20.7,216.0,Sugarcane,4024.4
103,24,36,28.8,299.5,Sugarcane,1485.9
55,15,53,22.4,206.2,Maize,2747.4
32,51,14,17.5,268.2,Wheat,3739.1
27,48,50,26.5,123.1,Sugarcane,3378.1
31,30,22,23.9,264.4,Rice,4263.9
92,28,37,34.8,133.4,Wheat,2107.5
37,44,57,30.9,147.1,Maize,1422.7
84,59,29,23.7,193.5,Maize,1169.4
100,32,42,16.8,298.2,Wheat,2610.0
103,60,15,16.8,272.4,Maize,4317.7
46,39,39,31.3,66.1,Sugarcane,3967.2
107,17,35,30.8,70.7,Rice,1872.2
30,12,30,30.9,152.7,Rice,4163.7
79,19,55,21.2,66.2,Wheat,3665.5
66,21,25,26.8,227.8,Maize,3421.7
89,52,12,15.3,167.1,Wheat,1967.4
61,11,40,27.9,207.7,Maize,2090.6
22,17,30,22.2,237.0,Sugarcane,3665.3
77,20,44,28.4,264.4,Wheat,2866.2
116,11,33,18.8,248.4,Wheat,1932.1
48,58,32,28.4,145.7,Sugarcane,2428.9
85,36,41,18.2,223.9,Rice,1264.9
95,40,25,25.1,207.4,Wheat,2190.7
79,25,52,20.7,164.0,Wheat,3090.1
80,21,15,28.5,69.3,Sugarcane,2585.9
69,60,58,33.3,98.7,Rice,3167.6
60,11,57,30.6,118.5,Sugarcane,1763.4
69,15,13,25.0,253.5,Maize,1303.9
27,22,27,20.1,198.4,Wheat,4396.5
107,10,24,22.8,60.2,Sugarcane,1523.3
115,28,52,24.0,175.1,Rice,2369.2
72,51,47,17.3,222.2,Rice,2808.1
96,57,36,27.6,96.6,Maize,4362.2
43,47,57,33.7,75.7,Rice,1613.0
112,46,42,28.1,106.6,Maize,2541.7
61,24,17,16.0,190.7,Maize,3928.0
114,32,39,34.6,200.8,Rice,2479.2
93,14,20,15.4,188.0,Maize,3946.6
94,29,45,28.4,235.9,Sugarcane,2044.8
43,32,57,17.7,196.5,Maize,1712.7
67,17,19,30.9,235.9,Wheat,1092.9
39,28,13,32.2,122.4,Sugarcane,2748.1
25,36,29,27.5,192.6,Sugarcane,4216.6
50,36,29,20.7,291.8,Maize,3934.7
45,50,21,23.7,149.7,Rice,2923.7
83,54,56,28.4,220.6,Wheat,1363.4
67,57,53,23.9,74.5,Rice,1882.4
42,25,13,25.4,144.2,Sugarcane,4039.9
112,18,50,15.3,237.5,Rice,2518.2
41,48,60,31.2,248.6,Wheat,2206.5
62,49,30,33.8,88.0,Maize,1081.3
31,53,18,33.6,165.5,Rice,2243.4
69,29,10,23.4,297.2,Maize,3689.2
25,41,21,16.4,51.4,Rice,1937.3
61,21,14,24.8,167.8,Wheat,2484.0
70,28,24,22.8,107.0,Sugarcane,3313.2
34,57,55,27.0,289.9,Sugarcane,2994.1
86,16,59,33.1,206.2,Maize,1431.1
62,52,34,34.8,211.1,Rice,2963.6
38,41,43,29.5,151.6,Maize,1628.6
83,18,30,27.8,299.3,Sugarcane,4111.8
36,40,11,24.2,297.9,Sugarcane,1767.5
89,54,56,29.1,269.7,Maize,2882.3
76,31,40,34.5,61.3,Wheat,2139.4
45,42,32,19.7,212.1,Sugarcane,3209.8
48,14,36,28.9,146.5,Wheat,3410.5
63,52,31,31.7,245.6,Sugarcane,1152.6
65,29,32,20.3,70.2,Sugarcane,1542.4
92,46,16,29.8,186.7,Sugarcane,3230.7
67,51,36,18.7,60.2,Rice,1861.6
67,13,58,29.5,164.8,Sugarcane,2892.8
80,51,17,16.9,199.1,Sugarcane,3641.7
43,28,57,28.4,261.4,Wheat,3836.9
98,58,54,20.9,185.1,Sugarcane,4054.9
90,13,42,31.8,107.0,Sugarcane,1538.5
38,41,43,23.0,202.0,Rice,1061.9
49,54,47,23.3,219.6,Wheat,1422.7
105,52,26,22.2,123.1,Sugarcane,4145.6
22,44,52,17.5,294.2,Wheat,3287.6
25,41,17,23.2,265.3,Maize,1100.5
56,23,59,23.8,123.0,Rice,4409.9
49,10,17,29.0,90.9,Maize,3836.2
98,20,34,28.0,274.5,Sugarcane,2007.5
35,55,13,32.2,211.1,Rice,4031.8
28,29,14,27.9,84.0,Wheat,2609.3
22,20,54,19.5,190.6,Maize,1199.8
106,39,33,32.3,181.2,Rice,3282.2
107,20,22,20.7,126.6,Wheat,1820.0
69,13,17,19.3,108.6,Sugarcane,1818.8
26,16,30,27.8,120.7,Maize,3865.5
31,17,50,24.5,153.2,Wheat,3830.3
26,60,51,19.1,147.8,Maize,1971.2
119,40,33,16.8,140.7,Maize,3792.1
65,18,50,22.0,284.8,Sugarcane,3541.3
22,26,21,25.9,53.5,Maize,2886.1
65,34,26,21.0,206.0,Rice,1756.2
20,58,39,27.2,131.0,Maize,1943.7
77,52,53,29.0,134.3,Sugarcane,2165.7
77,42,44,28.1,69.0,Sugarcane,1328.9
77,55,37,25.1,193.4,Sugarcane,1448.9
73,29,50,24.3,113.9,Sugarcane,4094.6
72,39,28,31.9,174.7,Sugarcane,1938.6
110,42,13,27.0,135.3,Sugarcane,4466.2
48,29,34,30.1,240.5,Wheat,1193.5
28,11,13,34.7,222.9,Sugarcane,3178.5
67,36,45,20.7,257.2,Sugarcane,1230.4
103,39,25,19.9,140.7,Rice,1400.7
113,16,42,16.4,121.1,Wheat,2843.0
116,32,58,24.4,63.4,Wheat,2112.8
28,14,43,16.2,114.6,Rice,3956.7
117,32,19,34.0,229.2,Maize,4319.3
33,17,29,24.2,276.7,Maize,4493.2
53,35,48,27.3,215.6,Wheat,3927.7
106,17,22,25.1,142.8,Maize,4457.9
82,37,52,31.8,185.5,Maize,2436.8
42,17,32,29.3,97.9,Maize,2603.4
42,29,17,31.4,110.0,Sugarcane,4215.9
28,44,49,32.2,110.2,Rice,2512.7
67,31,45,34.5,284.9,Sugarcane,2884.4
59,28,35,30.9,211.3,Rice,3588.4
84,15,22,23.5,297.3,Wheat,1155.3
63,57,15,18.4,255.8,Rice,3059.8
31,50,30,31.8,204.9,Rice,1258.2
30,31,43,26.4,151.3,Sugarcane,3434.1
114,10,59,18.4,243.9,Maize,3473.5
43,57,13,19.6,51.5,Wheat,2558.1
71,17,28,28.3,191.0,Wheat,3488.7
21,11,51,21.8,59.7,Maize,1073.0
83,26,48,27.0,257.7,Wheat,2446.4
20,11,42,33.1,50.0,Sugarcane,1198.6
107,32,13,29.8,267.9,Sugarcane,4237.6
86,53,37,32.2,131.3,Sugarcane,4104.4
74,29,17,22.3,228.3,Wheat,3128.4
61,43,42,22.9,122.3,Rice,2413.3
21,37,38,34.1,244.3,Sugarcane,3927.6
82,59,42,31.4,242.9,Wheat,3451.7
84,55,17,30.6,72.4,Rice,4369.7
85,53,52,26.1,91.1,Rice,4141.8
68,23,11,34.9,155.3,Wheat,1767.0
29,29,54,15.9,252.7,Maize,1225.1
117,60,56,27.7,218.3,Wheat,3995.0
103,58,27,27.4,280.1,Maize,2427.8
112,26,59,30.5,229.6,Sugarcane,1329.3
35,23,40,29.2,271.7,Maize,4294.5
113,28,48,22.6,280.3,Wheat,4017.0
59,43,49,26.1,212.4,Sugarcane,3076.0
24,36,15,15.3,234.4,Wheat,4432.0
58,25,32,19.7,155.6,Sugarcane,2873.1
27,43,45,20.7,189.2,Rice,1860.7
100,38,11,17.9,94.3,Rice,1667.6
64,10,48,31.2,138.6,Maize,1024.7
80,30,29,18.5,168.3,Sugarcane,2556.3
48,51,44,19.4,206.3,Wheat,4136.8
32,34,37,28.9,170.3,Sugarcane,1259.5
57,23,11,25.0,280.0,Maize,3874.1
36,51,10,29.6,235.2,Sugarcane,3443.6
43,37,17,17.4,127.2,Maize,2310.8
85,52,24,27.9,213.4,Rice,3057.9
52,29,43,33.1,64.2,Sugarcane,2064.7
28,10,55,30.1,134.0,Maize,1020.4
118,24,58,23.9,224.3,Maize,1786.1
27,50,28,32.5,246.5,Maize,4303.7
62,54,51,33.6,180.3,Sugarcane,3703.4
42,46,21,18.2,224.0,Rice,3573.5
72,38,28,31.6,56.3,Wheat,3726.6
97,58,13,15.4,155.9,Maize,2647.7
70,49,24,22.5,254.1,Wheat,3101.8
67,46,34,28.4,72.2,Maize,3108.6
73,31,47,34.6,233.5,Sugarcane,1843.4
88,40,40,21.8,201.4,Rice,2595.6
58,49,11,16.9,111.2,Wheat,1827.1
79,50,17,34.8,201.0,Maize,3245.4
90,58,55,17.9,244.7,Sugarcane,2141.9
65,18,30,34.3,243.7,Maize,2292.3
64,38,10,18.7,275.3,Sugarcane,1077.0
100,28,50,18.5,236.3,Rice,3546.2
37,39,39,27.5,227.5,Rice,1601.2
92,52,18,30.6,63.0,Wheat,4134.3
95,32,23,27.7,249.1,Wheat,2635.7
70,56,47,19.3,201.3,Sugarcane,3665.7
85,25,25,19.4,159.7,Rice,2736.9
88,22,56,18.5,285.7,Maize,4375.4
96,59,10,19.7,284.1,Wheat,4073.8
99,16,54,18.6,78.6,Maize,3648.4
60,34,10,15.9,231.5,Rice,3701.6
68,27,25,26.0,219.6,Wheat,4293.1
89,48,20,21.6,194.9,Rice,4278.2
76,29,26,28.4,138.4,Maize,1806.5
22,11,45,31.2,213.5,Maize,1725.4
40,57,48,33.6,183.5,Maize,3421.9
33,29,56,22.4,245.8,Wheat,2566.4
84,37,29,30.4,126.7,Rice,3328.0
41,12,28,27.2,56.2,Maize,3134.7
38,38,30,28.2,225.0,Sugarcane,3045.0
34,41,40,31.4,294.8,Maize,4036.5
48,25,43,28.0,235.0,Sugarcane,2901.8
109,60,47,24.6,196.7,Maize,1810.6
84,24,48,24.5,283.8,Wheat,3827.7
104,19,55,29.2,277.2,Rice,4099.3
20,43,40,24.0,174.0,Rice,3045.5
21,57,11,28.1,237.4,Wheat,4447.1
36,19,12,24.3,101.2,Rice,1100.1
28,59,58,17.8,137.8,Wheat,4206.1
73,11,60,30.9,173.5,Sugarcane,1471.2
92,38,45,23.0,271.2,Sugarcane,3346.3
74,18,47,27.7,118.4,Rice,2495.9
115,23,20,30.4,205.3,Wheat,1813.6
88,10,39,16.6,255.1,Sugarcane,3101.0
53,47,16,22.4,287.6,Wheat,2839.0
41,24,47,24.2,141.5,Wheat,2849.2
25,20,25,23.7,200.1,Sugarcane,2365.7
69,29,41,32.0,134.3,Sugarcane,1041.6
80,54,22,24.2,228.0,Rice,3492.0
62,56,24,33.9,262.1,Wheat,2375.3
61,29,43,19.0,70.4,Maize,1539.4
33,32,23,25.0,68.4,Maize,3703.1
85,42,36,21.5,167.7,Wheat,2160.8
102,47,43,27.8,108.9,Sugarcane,2226.5
60,30,32,21.0,79.9,Maize,4154.2
112,20,16,27.4,257.8,Sugarcane,2029.3
49,56,45,21.1,100.4,Maize,4035.7
26,38,25,23.1,182.8,Sugarcane,2459.4
105,11,52,21.1,230.7,Wheat,2791.7
97,27,43,21.9,263.8,Wheat,2355.9
23,20,59,22.8,253.5,Sugarcane,1643.2
85,31,47,16.1,151.7,Sugarcane,1896.0
99,24,28,32.0,281.6,Wheat,1609.1
95,55,24,19.9,106.9,Maize,2306.9
38,32,42,16.3,77.9,Sugarcane,3309.7
96,54,30,15.6,93.9,Rice,1116.2
75,52,29,24.9,192.7,Rice,2994.9
77,35,15,17.5,235.7,Maize,2936.4
35,56,45,31.2,248.4,Rice,1534.6
120,46,37,19.5,138.0,Rice,1074.5
114,46,50,28.8,154.7,Rice,3599.8
34,14,16,24.7,138.7,Sugarcane,1161.9
51,60,27,30.0,80.2,Wheat,2948.2
75,49,15,18.1,165.4,Rice,1290.0
59,17,23,31.0,57.8,Rice,1393.6
92,58,42,19.2,247.3,Rice,4389.8
68,31,14,31.1,187.1,Maize,4308.6
72,60,40,30.1,125.9,Wheat,1837.9
99,15,59,33.3,57.9,Maize,1043.7
46,43,15,21.5,122.0,Rice,3394.1
82,11,44,22.7,99.8,Rice,3673.6
33,36,58,23.7,204.9,Rice,1034.6
54,49,59,18.8,245.2,Sugarcane,3255.5
57,22,17,18.8,96.5,Maize,4330.4
103,12,24,26.2,170.6,Rice,3352.9
105,25,25,30.1,69.4,Maize,1683.8
112,20,33,30.0,286.0,Sugarcane,3117.3
59,51,17,16.6,120.4,Sugarcane,3473.8
53,30,10,27.2,240.4,Wheat,3306.2
52,60,24,23.5,212.4,Wheat,2446.6
62,16,32,34.3,279.3,Maize,3844.0
106,44,35,30.1,132.6,Sugarcane,4299.6
92,47,20,27.4,113.2,Rice,3966.6
104,17,15,22.8,163.1,Sugarcane,1121.2
50,28,13,22.1,227.4,Maize,4019.7
108,38,22,28.1,191.3,Maize,1467.1
112,36,49,26.9,59.4,Wheat,3959.1
56,30,41,27.1,51.4,Wheat,4497.7
61,20,22,19.7,118.5,Rice,2234.2
60,39,40,24.2,122.5,Wheat,3348.5
120,39,10,20.9,104.4,Sugarcane,1404.4
40,47,52,17.9,263.5,Rice,3910.7
40,56,44,27.9,297.9,Wheat,2556.5
61,27,11,26.0,207.5,Wheat,1599.1
120,39,58,33.5,206.8,Maize,1402.3
118,42,21,30.6,206.2,Sugarcane,2313.3
73,17,50,21.5,200.0,Sugarcane,1930.4
62,56,51,30.6,147.3,Sugarcane,2421.2
114,52,21,34.2,207.5,Wheat,1892.5
109,21,12,29.8,236.8,Rice,3498.4
90,43,57,28.3,207.2,Wheat,3056.9
83,33,16,20.0,292.5,Wheat,2070.0
111,37,38,31.5,255.9,Sugarcane,2803.2
54,49,59,18.4,259.0,Rice,3811.7
86,15,59,20.3,224.7,Rice,2385.0
31,56,37,24.1,277.9,Sugarcane,3409.3
71,60,57,31.1,157.0,Maize,2756.9
74,13,13,21.1,287.6,Rice,4372.4
20,41,51,23.0,139.0,Sugarcane,1000.2
40,52,45,31.6,163.4,Sugarcane,1592.3
32,46,24,21.7,289.2,Wheat,1646.1
103,46,56,21.0,261.7,Rice,1869.2
93,27,51,29.8,206.1,Wheat,1781.5
60,41,51,26.4,207.6,Sugarcane,2826.1
119,58,41,33.6,165.2,Rice,1611.0
68,44,11,19.0,285.6,Maize,2462.2
116,13,54,33.2,258.4,Wheat,3145.4
92,43,16,25.2,264.6,Maize,3411.4
24,38,48,27.3,240.9,Sugarcane,3432.1
38,28,23,25.1,289.8,Wheat,2063.5
50,12,43,31.5,295.3,Wheat,3001.1
68,60,17,34.0,207.2,Wheat,2913.0
42,27,22,25.1,65.6,Wheat,3237.8
103,60,52,34.9,60.4,Rice,1027.0
82,51,28,22.0,270.3,Sugarcane,1279.0
66,28,34,16.6,150.8,Sugarcane,2889.2
86,14,18,33.9,161.4,Sugarcane,3186.0
86,34,33,31.8,109.9,Sugarcane,2713.6
105,58,22,17.1,294.9,Wheat,4023.4
30,11,59,29.5,271.3,Sugarcane,1911.6
115,38,12,18.4,192.5,Sugarcane,4451.5
100,39,48,29.1,204.2,Wheat,1169.7
88,25,45,22.0,269.3,Rice,2706.2
89,16,47,25.8,80.7,Maize,3158.8
58,32,25,26.4,281.0,Sugarcane,4131.0
62,29,53,33.4,229.4,Maize,2414.8
55,18,38,33.6,183.9,Wheat,1095.1
85,54,17,29.4,124.5,Wheat,4493.3
65,26,59,29.5,276.4,Rice,3404.9
117,57,36,15.7,81.5,Wheat,4269.0
57,26,39,21.3,210.1,Rice,2696.3
43,25,55,17.8,55.8,Sugarcane,3088.7
110,33,53,20.1,220.2,Rice,3916.7
39,19,13,24.8,133.7,Sugarcane,2193.5
88,24,33,15.1,155.3,Maize,1946.3
114,53,45,20.9,63.0,Wheat,1080.4
79,35,32,24.0,83.5,Rice,3114.5
91,34,35,28.2,189.3,Rice,2797.9
51,30,42,16.5,229.0,Sugarcane,2930.6
90,49,23,33.2,273.0,Wheat,1424.9
38,43,32,15.8,286.6,Sugarcane,1954.8
35,41,22,31.1,200.3,Rice,3536.0
93,55,60,27.0,52.7,Rice,1583.7
58,23,14,29.7,105.5,Maize,3362.7
65,11,38,19.5,247.1,Wheat,2178.1
47,25,56,34.4,110.6,Maize,4200.5
69,46,56,17.8,173.0,Maize,2531.6
62,32,45,26.1,257.2,Sugarcane,1269.2
77,14,51,24.4,75.1,Maize,3539.4
30,16,60,22.7,272.8,Rice,3528.9
62,33,39,16.3,269.8,Wheat,4204.6
65,15,32,28.2,65.8,Rice,1664.6
84,28,20,28.6,85.2,Wheat,2622.3
43,52,41,25.4,145.9,Maize,1106.9
26,24,59,22.5,148.0,Sugarcane,2614.1
84,14,10,18.3,70.7,Sugarcane,2011.7
70,11,59,15.2,228.4,Rice,3834.6
100,42,40,23.5,142.6,Rice,3410.5
39,44,44,26.3,142.5,Maize,4459.3
84,23,46,27.3,64.7,Wheat,3759.1
44,27,42,18.9,77.0,Maize,2004.9
40,14,36,25.9,191.3,Sugarcane,3398.1
82,17,14,16.9,126.4,Sugarcane,1258.8
107,50,21,29.6,147.2,Maize,3610.8
29,57,46,27.8,283.3,Sugarcane,2484.6
79,25,18,19.1,167.0,Wheat,1157.7
120,19,59,27.5,250.0,Maize,3134.0
34,30,57,17.0,282.3,Rice,2759.0
59,58,13,17.9,157.4,Sugarcane,2705.7
58,46,15,31.5,199.7,Rice,2960.8
93,13,19,32.1,98.1,Sugarcane,2807.6
25,51,38,15.2,99.7,Rice,2862.0
55,46,13,31.6,79.0,Rice,3151.9
110,47,49,16.5,127.7,Rice,2140.6
32,40,15,20.5,75.7,Rice,2203.0
102,50,14,33.5,256.7,Maize,2281.0
32,14,48,33.8,68.9,Wheat,4498.6
36,38,44,24.0,221.1,Sugarcane,2008.8
26,56,44,32.5,224.6,Wheat,2344.1
90,46,41,27.7,122.0,Sugarcane,1128.3
32,39,58,18.1,197.2,Maize,1993.1
107,34,15,27.5,182.3,Wheat,4094.3
117,49,38,18.0,221.9,Rice,2424.7
103,10,38,32.5,284.6,Rice,2195.3
64,26,22,21.1,271.9,Wheat,3525.9
37,40,44,25.8,69.5,Sugarcane,2163.1
37,14,30,30.4,75.1,Rice,3542.7
25,52,34,27.1,134.6,Wheat,1055.0
62,18,60,30.1,94.1,Rice,2976.5
22,22,25,23.0,86.3,Sugarcane,2567.1
44,10,14,30.1,127.3,Maize,3569.0
96,55,20,31.9,104.3,Wheat,2694.2
28,29,38,32.9,171.6,Maize,3443.9
85,17,57,21.7,140.3,Maize,1243.8
84,34,39,20.5,220.0,Maize,4314.4
108,42,50,24.3,257.8,Rice,2433.1
106,34,51,17.7,157.4,Rice,3361.6
52,14,55,19.8,150.9,Rice,1144.2
86,22,36,18.2,207.2,Rice,2995.8
66,16,42,19.8,119.1,Sugarcane,3996.1
26,60,21,22.7,274.8,Sugarcane,2445.9
30,15,32,34.8,197.4,Maize,1105.0
46,58,43,23.7,102.1,Sugarcane,3645.2
54,39,10,25.9,57.8,Wheat,3550.6
101,52,16,15.7,241.5,Maize,1785.9
35,44,32,34.9,68.1,Wheat,1791.7
22,40,17,18.0,164.1,Wheat,2185.9
114,22,59,27.5,109.4,Rice,3454.3
120,24,28,17.2,193.0,Wheat,1625.3
43,11,46,34.7,268.5,Sugarcane,3101.5
41,43,39,20.4,79.0,Wheat,2649.2
78,25,22,27.2,184.3,Wheat,1476.0
24,24,40,19.1,140.6,Maize,4318.0
26,39,34,21.4,243.3,Maize,2160.6
76,60,16,17.7,245.3,Maize,3430.3
96,50,48,27.9,152.3,Wheat,4395.1
101,57,48,27.1,285.8,Maize,1318.1
96,49,33,15.9,89.9,Wheat,1273.0
114,25,40,32.9,269.0,Maize,2875.6
39,58,47,16.2,175.8,Rice,2738.8
44,39,58,21.3,90.5,Wheat,2376.4
100,52,20,25.0,292.7,Maize,2215.6
116,20,36,27.5,218.6,Rice,3632.9
106,28,18,18.3,225.1,Maize,3234.9
78,25,18,32.5,168.0,Sugarcane,2914.0
91,11,26,17.9,75.4,Sugarcane,4205.4
74,59,45,18.1,117.1,Sugarcane,2459.5
90,27,33,15.5,271.3,Wheat,2366.2
63,11,30,15.5,139.0,Sugarcane,2575.7
93,48,15,34.2,220.2,Rice,3342.0
76,20,44,25.3,278.9,Wheat,4237.5
54,10,18,26.3,242.3,Rice,1588.1
75,36,12,26.0,129.0,Rice,1618.8
80,17,24,28.5,154.4,Sugarcane,2174.9
32,26,32,30.5,246.3,Wheat,1514.7
25,28,59,31.2,74.7,Wheat,1024.6
41,27,60,15.7,126.3,Sugarcane,4478.2
108,11,24,29.7,239.7,Rice,2645.9
82,41,27,34.5,293.7,Sugarcane,3203.9
58,37,13,30.3,130.0,Rice,1875.5
66,26,16,31.1,240.1,Wheat,1891.8
32,22,15,26.5,252.0,Sugarcane,1470.2
63,59,32,17.0,140.4,Sugarcane,1711.3
48,49,54,16.2,287.7,Sugarcane,4041.2
118,35,38,20.5,207.4,Maize,2389.8
41,60,21,24.1,84.8,Rice,3364.5
30,59,26,33.6,240.7,Maize,2973.0
31,60,45,23.0,67.4,Rice,2602.5
106,56,39,32.7,165.5,Wheat,2539.0
21,25,57,23.5,66.0,Sugarcane,2596.3
51,13,37,26.4,150.3,Sugarcane,2384.2
74,44,25,21.2,204.8,Wheat,2101.7
99,19,11,29.2,193.6,Wheat,4388.6
30,57,19,31.2,189.9,Sugarcane,2968.9
52,37,38,18.7,270.1,Rice,4315.0
59,27,60,16.6,211.7,Maize,1955.3
102,38,15,16.3,164.8,Wheat,3345.2
25,34,21,17.3,258.7,Maize,1635.8
74,24,23,21.0,54.9,Wheat,2900.6
89,46,37,31.5,175.6,Wheat,1869.0
85,21,39,21.3,217.1,Sugarcane,3967.8
35,32,44,26.6,292.8,Rice,2628.5
90,59,54,16.2,247.4,Maize,4077.0
43,49,58,34.6,116.6,Wheat,2327.8
32,39,44,20.5,64.9,Wheat,2307.3
109,40,52,24.6,234.1,Sugarcane,3173.6
40,29,42,27.7,98.4,Rice,3912.7
103,27,39,16.0,106.0,Wheat,1107.0
88,28,25,25.9,147.6,Wheat,1632.7
120,32,38,19.0,100.6,Sugarcane,2709.2
45,29,11,29.4,168.6,Sugarcane,2544.6
113,43,44,18.5,275.4,Wheat,2884.7
55,14,34,23.0,254.7,Maize,2478.4
112,45,13,33.2,284.0,Wheat,2562.2
37,36,54,16.0,218.7,Maize,4037.8
101,15,58,33.4,81.2,Sugarcane,3724.2
75,28,34,16.6,285.0,Sugarcane,2089.4
29,10,57,17.0,156.5,Wheat,2489.3
61,29,60,33.0,239.6,Rice,1526.8
97,21,21,16.9,151.6,Rice,3637.3
79,40,20,19.8,101.2,Wheat,4422.4
71,52,21,16.2,214.6,Maize,1346.0
77,54,12,24.3,74.0,Sugarcane,1387.7
102,21,12,28.7,108.8,Sugarcane,1389.9
56,59,45,19.0,205.6,Sugarcane,4217.7
33,11,46,28.4,251.6,Wheat,4198.9
70,31,52,21.5,244.0,Maize,2534.7
110,11,31,26.7,194.2,Maize,2400.7
116,51,13,30.3,170.3,Rice,2093.6
63,43,51,19.7,202.8,Maize,2610.4
41,34,57,18.6,50.7,Maize,3426.9
52,29,39,33.5,145.3,Sugarcane,1596.2
55,16,25,33.2,161.6,Maize,1786.5
69,53,31,15.3,69.0,Wheat,4226.4
117,12,23,29.6,175.6,Sugarcane,4395.3
115,47,26,32.7,239.5,Sugarcane,1720.0
37,57,43,26.4,60.5,Rice,1448.4
47,41,46,25.4,125.7,Rice,2082.5
77,13,37,18.0,195.5,Maize,2327.5
58,25,37,15.8,193.0,Rice,3409.9
82,37,34,35.0,185.2,Sugarcane,3551.7
71,55,44,20.7,54.4,Maize,4221.6
109,11,13,32.8,198.0,Wheat,1970.0
107,59,32,28.4,169.8,Rice,2256.8
106,34,34,20.3,101.8,Wheat,2650.7
31,51,15,30.6,250.1,Rice,2634.4
85,59,14,26.6,218.0,Sugarcane,4065.4
46,49,59,32.1,126.6,Wheat,1219.9
113,34,37,34.7,58.0,Sugarcane,1467.3
74,24,24,18.7,176.3,Wheat,2910.5
40,44,40,29.9,249.9,Rice,3842.8
